id,first_name,last_name,email
1,Regan,Thomas,rthomas0@amazon.co.jp
2,Clemmie,Moan,cmoan1@quantcast.com
3,Iseabal,Murrill,imurrill2@squidoo.com
4,Lorin,Gundry,lgundry3@stumbleupon.com
5,Joellen,Blaine,jblaine4@unicef.org
6,Niels,Bousfield,nbousfield5@webnode.com
7,Kerwin,McGrorty,kmcgrorty6@sciencedirect.com
8,Sunny,Pabst,spabst7@nature.com
9,Nanine,Sissland,nsissland8@yellowbook.com
10,Bartholomew,Skellern,bskellern9@netscape.com
